id,name,slug,category,price,description,artist,image,featured,createdAt,updatedAt
5,Étalon Majestueux,talon-majestueux,Peinture,9950,"Ce tableau captivant célèbre la beauté et la noblesse d'un étalon blanc. Le mouvement fluide de sa crinière et son regard perçant évoquent à la fois la liberté et la puissance. Les tons doux et harmonieux de l'œuvre créent une atmosphère apaisante et élégante, parfaite pour enrichir votre espace avec une touche de grâce et de majesté.",Axel,/images/products/7c80cc26-3197-4d71-9c1d-bcafadae137d.png,false,Mon Apr 07 2025 22:37:04 GMT+0100 (GMT+01:00),Mon Apr 07 2025 22:37:04 GMT+0100 (GMT+01:00)
6,language des sage,language-des-sage,Autre,2000,Œuvre artistique originale.,Axel,/images/products/3e70379f-b15c-4b25-bcbf-ad533e0a27dd.jpeg,false,Mon Apr 07 2025 22:37:04 GMT+0100 (GMT+01:00),Mon Apr 07 2025 22:37:04 GMT+0100 (GMT+01:00)
7,Abstract Colorful Mosaic,abstract-colorful-mosaic,Autre,2500,"This vibrant artwork features a stunning mosaic of bold colors and abstract shapes. The intricate interplay of lines and patterns creates a dynamic and energetic composition, perfect for adding a modern and lively touch to any space.",Axel,/images/products/6954e387-ca32-4557-91ab-f217eded5668.jpeg,false,Mon Apr 07 2025 22:37:04 GMT+0100 (GMT+01:00),Mon Apr 07 2025 22:37:04 GMT+0100 (GMT+01:00)
8,Cubist Face with Bold Colors,cubist-face-with-bold-colors,Peinture,2500,"This cubist-inspired painting captures the essence of human emotion through fragmented geometric shapes and vivid hues. The expressive face emerges from abstract forms, inviting the viewer to explore the complexity of identity and perception.",Axel,/images/products/f22be33c-ae58-4b29-910d-6bd1bf3a2015.jpeg,false,Mon Apr 07 2025 22:37:04 GMT+0100 (GMT+01:00),Mon Apr 07 2025 22:37:04 GMT+0100 (GMT+01:00)
9,Yellow Symbolic Grid,yellow-symbolic-grid,Peinture,2500,"A mesmerizing grid of abstract symbols stands out against a bright yellow background. This minimalist yet symbolic piece reflects a narrative of mystery and cultural depth, offering a striking focal point for contemporary interiors.",Axel,/images/products/9bbc07d7-885f-41fb-9cb8-bb130e19e464.jpeg,false,Mon Apr 07 2025 22:37:04 GMT+0100 (GMT+01:00),Mon Apr 07 2025 22:37:04 GMT+0100 (GMT+01:00)
10,Tableau acrylique de l’artiste Axel,tableau-acrylique-de-l-artiste-axel,Peinture,1000,Œuvre artistique originale.,Axel,/images/products/8b62b2ff-eeeb-4e17-9c9b-6c25d0ad9918.jpeg,false,Mon Apr 07 2025 22:37:04 GMT+0100 (GMT+01:00),Mon Apr 07 2025 22:37:04 GMT+0100 (GMT+01:00)
11,Femme amazone,femme-amazone,Peinture,5000,cette image représente la femme guerrière de l'époque de l'exploitation coloniale.ces femme était des femmes guerrière de l'empereur soundiata keita.son regard ici indique sa détermination a l'affrontement dû colon afin de protéger son territoire.les motifs sur son visage renvoie ici a un attachement a la nature.,Axel,/images/products/a6bd882a-437c-4f79-8461-478a59b6c3e3.jpeg,false,Mon Apr 07 2025 22:37:04 GMT+0100 (GMT+01:00),Mon Apr 07 2025 22:37:04 GMT+0100 (GMT+01:00)
12,lion de côte,lion-de-c-te,Autre,4500,Œuvre artistique originale.,Axel,/images/products/534b6d9c-8e9e-4c91-93bf-9548f55af69f.jpeg,false,Mon Apr 07 2025 22:37:04 GMT+0100 (GMT+01:00),Mon Apr 07 2025 22:37:04 GMT+0100 (GMT+01:00)
13,Visage Surréaliste Abstrait,visage-surr-aliste-abstrait,Peinture,1200,Ce portrait surréaliste mélange fluidité et couleurs vibrantes pour représenter un visage à la fois captivant et mystérieux. L’interaction des courbes et des nuances crée une sensation d’introspection et d’émerveillement. Cette œuvre unique ajoute une touche d’originalité et de modernité à n’importe quel espace.,Axel,/images/products/a1cda2b1-2c54-43ea-867c-edac9377a1b6.jpeg,false,Mon Apr 07 2025 22:37:04 GMT+0100 (GMT+01:00),Mon Apr 07 2025 22:37:04 GMT+0100 (GMT+01:00)
14,Scène Abstraite Dynamique en Vert et Orange,sc-ne-abstraite-dynamique-en-vert-et-orange,Peinture,3500,"Ce tableau abstrait mêle des formes dynamiques à des teintes naturelles de vert et des oranges vibrants. Les lignes fluides créent une sensation de mouvement et d'énergie, apportant vie et éclat à l'espace. Idéal pour ajouter une touche artistique moderne et énergique à votre intérieur.",Axel,/images/products/1dfbcfd0-65cc-47bb-bd24-b3f6b3b1a0b8.jpeg,false,Mon Apr 07 2025 22:37:04 GMT+0100 (GMT+01:00),Mon Apr 07 2025 22:37:04 GMT+0100 (GMT+01:00)
15,Composition Florale Abstraite,composition-florale-abstraite,Peinture,12000,"Ce tableau élégant capture la beauté de la nature à travers une représentation abstraite de fleurs vibrantes surgissant d'une base organique et terreuse. La fusion des tons doux et chauds avec des rouges et jaunes éclatants crée un équilibre harmonieux qui évoque la croissance, la vie et la sérénité. Une pièce intemporelle pour sublimer n'importe quel espace intérieur.",Axel,/images/products/5ed6e2f2-e043-4a99-9cb1-0792b15a5855.jpeg,false,Mon Apr 07 2025 22:37:04 GMT+0100 (GMT+01:00),Mon Apr 07 2025 22:37:04 GMT+0100 (GMT+01:00)
16,Danse Tribale Abstraite,danse-tribale-abstraite,Peinture,5500,Œuvre artistique originale.,Axel,/images/products/ace98dbe-20f6-4119-b706-d63472d5dc91.jpeg,false,Mon Apr 07 2025 22:37:04 GMT+0100 (GMT+01:00),Mon Apr 07 2025 22:37:04 GMT+0100 (GMT+01:00)
17,Fleur de Visages,fleur-de-visages,Peinture,23000,Œuvre artistique originale.,Axel,/images/products/bbfcab5e-7f3c-4618-8d91-357a38b133e5.jpeg,false,Mon Apr 07 2025 22:37:04 GMT+0100 (GMT+01:00),Mon Apr 07 2025 22:37:04 GMT+0100 (GMT+01:00)
18,Esprit en Couleurs,esprit-en-couleurs,Peinture,3000,Œuvre artistique originale.,Axel,/images/products/0929d55d-5092-4cb3-9118-4fe805401c11.jpeg,false,Mon Apr 07 2025 22:37:04 GMT+0100 (GMT+01:00),Mon Apr 07 2025 22:37:04 GMT+0100 (GMT+01:00)
19,Vie Marine Éclatante,vie-marine-clatante,Peinture,4000,"Ce tableau captivant plonge le spectateur dans un monde sous-marin vibrant et coloré. Une tortue majestueuse nage au milieu de coraux éclatants et d'une vie marine foisonnante, illuminée par la lumière douce d'un soleil rayonnant. Les détails minutieux et les teintes audacieuses créent une scène dynamique et apaisante, parfaite pour apporter une touche de vitalité et de sérénité à votre espace.",Axel,pressed-blush.jpg,false,Mon Apr 07 2025 22:37:04 GMT+0100 (GMT+01:00),Mon Apr 07 2025 22:37:04 GMT+0100 (GMT+01:00)
20,Élégance Intemporelle,l-gance-intemporelle,Peinture,7000,"Un hommage à la beauté classique et aux traditions. Ce portrait met en lumière une figure féminine en habits traditionnels, incarnant grâce et force dans une composition sobre et élégante. Une pièce parfaite pour célébrer l’héritage et l’histoire.",Axel,/images/products/26eedee7-2b0b-4c31-bff9-2698d95608cf.jpeg,false,Mon Apr 07 2025 22:37:04 GMT+0100 (GMT+01:00),Mon Apr 07 2025 22:37:04 GMT+0100 (GMT+01:00)
21,Visage Surréaliste Abstrait,visage-surr-aliste-abstrait-2,Peinture,10000,"Ce tableau fascinant dévoile un visage captivant mêlant des formes fluides et des nuances audacieuses. L'esthétique surréaliste, enrichie par des détails minutieux, incarne un mélange unique de mystère et de réflexion. Chaque courbe et chaque couleur racontent une histoire, invitant à l'exploration et à l'imagination. Une pièce idéale pour ajouter une touche artistique et intrigante à votre espace intérieur.",Axel,/images/products/ad3c6392-3df2-4cd4-984e-b4181f48656a.jpeg,false,Mon Apr 07 2025 22:37:04 GMT+0100 (GMT+01:00),Mon Apr 07 2025 22:37:04 GMT+0100 (GMT+01:00)
22,tigre d'Afrique,tigre-d-afrique,Autre,7000,"""Tigre d’Afrique"" capte l’intensité et la majesté de ce félin légendaire. Les couleurs riches et les motifs audacieux rendent hommage à la puissance et à la grâce de cet animal. Ce tableau est parfait pour insuffler une sensation de force et d’élégance à votre intérieur.",Axel,/images/products/edd51ee5-31b8-4bd3-8ece-f423488799f6.jpeg,false,Mon Apr 07 2025 22:37:04 GMT+0100 (GMT+01:00),Mon Apr 07 2025 22:37:04 GMT+0100 (GMT+01:00)
23,Métamorphose Surréaliste,m-tamorphose-surr-aliste,Peinture,10000,"Ce tableau intrigant présente une interprétation surréaliste unique où les formes et les contours se fondent dans une composition énigmatique. Les teintes terreuses et les détails subtils invitent à une réflexion profonde sur la transformation et l'ambiguïté. Cette œuvre captivante évoque un sentiment d'émerveillement et d'introspection, ajoutant une touche artistique audacieuse à n'importe quel espace.",Axel,/images/products/664d3d63-9f39-437c-9e01-d12e1edb4fa6.jpeg,false,Mon Apr 07 2025 22:37:04 GMT+0100 (GMT+01:00),Mon Apr 07 2025 22:37:04 GMT+0100 (GMT+01:00)
24,Nature Morte Élégante,nature-morte-l-gante,Peinture,27000,"Ce tableau de nature morte met en avant un arrangement harmonieux de vases ornés de motifs bleus et de fruits frais disposés avec soin. Les lignes douces du tissu de fond ajoutent une texture subtile, tandis que les détails précis des objets capturent une atmosphère de sérénité et d'équilibre. Cette œuvre classique est idéale pour apporter une touche de raffinement et d'élégance à votre espace intérieur.",Axel,/images/products/f06a4b56-e9ff-4d7e-a7b7-bbf8a2e9be6a.jpeg,false,Mon Apr 07 2025 22:37:04 GMT+0100 (GMT+01:00),Mon Apr 07 2025 22:37:04 GMT+0100 (GMT+01:00)
25,Origine de l'être,origine-de-l-tre,Peinture,9500,"""Origine de l’Être"" explore les mystères de la vie et de la création à travers des formes fluides et organiques. Les couleurs douces et les détails complexes créent une ambiance méditative, idéale pour un espace de contemplation ou de sérénité.",Axel,/images/products/6f5e0963-3ee3-43e3-a79b-3f70c89c4d26.jpeg,false,Mon Apr 07 2025 22:37:04 GMT+0100 (GMT+01:00),Mon Apr 07 2025 22:37:04 GMT+0100 (GMT+01:00)
26,Déesse de la nature,d-esse-de-la-nature,Peinture,4000,"""Déesse de la Nature"" incarne l'harmonie entre l'humanité et l'environnement. Les teintes vives et les motifs floraux évoquent la beauté et la richesse de la nature, tandis que le regard intense de la figure féminine rappelle son rôle sacré dans la préservation de la vie. Ce tableau est un hommage vibrant à la puissance et à la sérénité de la nature.",Axel,/images/products/927102c5-8f60-4822-b201-4f1c7ffe7796.jpeg,false,Mon Apr 07 2025 22:37:04 GMT+0100 (GMT+01:00),Mon Apr 07 2025 22:37:04 GMT+0100 (GMT+01:00)
27,lion rasta,lion-rasta,Peinture,4000,"""Le Lion Rasta"" célèbre la force et la fierté du roi de la savane avec une touche moderne et colorée. Les teintes éclatantes des dreadlocks et les détails saisissants du visage transmettent un message d’unité, de paix et de liberté. Cette œuvre est idéale pour ajouter une énergie audacieuse à tout espace.",Axel,/images/products/d35f7c1b-746b-406b-bc6c-ea46f35c7511.jpeg,false,Mon Apr 07 2025 22:37:04 GMT+0100 (GMT+01:00),Mon Apr 07 2025 22:37:04 GMT+0100 (GMT+01:00)
28,Déesse de la nature,d-esse-de-la-nature-2,Peinture,4000,Œuvre artistique originale.,Axel,/images/products/1ffa0f12-6c8d-462d-8ece-c936eadb194b.jpeg,false,Mon Apr 07 2025 22:37:04 GMT+0100 (GMT+01:00),Mon Apr 07 2025 22:37:04 GMT+0100 (GMT+01:00)
29,Les douleurs de l'Afrique,les-douleurs-de-l-afrique,Peinture,10000,"""Les Douleurs de l’Afrique"" exprime avec profondeur les luttes et les espoirs du continent africain. Les lignes expressives et les couleurs vibrantes racontent une histoire de résilience et de beauté. Ce tableau invite à la réflexion sur l’histoire et la richesse culturelle de l’Afrique.",Axel,/images/products/14f4b8c1-abef-4a6e-8110-7c6c3d98d0f2.jpeg,false,Mon Apr 07 2025 22:37:04 GMT+0100 (GMT+01:00),Mon Apr 07 2025 22:37:04 GMT+0100 (GMT+01:00)
30,Visage de la nature,visage-de-la-nature,Peinture,4000,Œuvre artistique originale.,Axel,/images/products/db014edb-413b-4da0-9fb4-c2908f38c968.jpeg,false,Mon Apr 07 2025 22:37:04 GMT+0100 (GMT+01:00),Mon Apr 07 2025 22:37:04 GMT+0100 (GMT+01:00)
31,La porte du paradis,la-porte-du-paradis,Peinture,4000,"""La Porte du Paradis"" dépeint une entrée mystique et invitante vers un monde de rêves. Les couleurs riches et les motifs détaillés apportent une touche d'évasion et d'élégance à tout espace.",Axel,/images/products/6470f513-0f2c-430e-bcad-46e7048f9a74.jpeg,false,Mon Apr 07 2025 22:37:04 GMT+0100 (GMT+01:00),Mon Apr 07 2025 22:37:04 GMT+0100 (GMT+01:00)
32,Harmonie Cosmique,harmonie-cosmique,Peinture,4000,"""Harmonie Cosmique"" invite à une réflexion sur l'univers et notre place dans celui-ci. Les détails subtils et les couleurs apaisantes créent une atmosphère de sérénité et de rêverie, parfaite pour un coin de méditation.",Axel,/images/products/07dcb59f-9fd4-4403-b99a-32c0ac32e7bd.jpeg,false,Mon Apr 07 2025 22:37:04 GMT+0100 (GMT+01:00),Mon Apr 07 2025 22:37:04 GMT+0100 (GMT+01:00)
33,Noble Sérénité,noble-s-r-nit,Peinture,4500,"Ce portrait équestre capture la majesté et la grâce du cheval dans une lumière douce et contrastée. Parfait pour les amoureux des animaux et les passionnés d’art classique, il dégage une sérénité intemporelle.",Axel,/images/products/cdfa3324-5558-4a1c-b1c2-63207c721517.jpeg,false,Mon Apr 07 2025 22:37:04 GMT+0100 (GMT+01:00),Mon Apr 07 2025 22:37:04 GMT+0100 (GMT+01:00)
34,Rêves Abstraits,r-ves-abstraits,Peinture,12000,"""Rêves Abstraits"" est une œuvre captivante qui combine des formes fluides et des couleurs oniriques pour évoquer un univers métaphorique. Chaque détail raconte une histoire unique, invitant le spectateur à explorer son propre imaginaire.",Axel,/images/products/2da0b334-e1b2-4dc1-a7ac-6bf45812ef3f.jpeg,false,Mon Apr 07 2025 22:37:05 GMT+0100 (GMT+01:00),Mon Apr 07 2025 22:37:05 GMT+0100 (GMT+01:00)
35,L'Apogée du Temps,l-apog-e-du-temps,Peinture,23000,"Ce tableau fascinant, ""L'Apogée du Temps"", explore le thème de l'évolution et de la persistance à travers des motifs complexes et des teintes chaudes. Idéal pour un intérieur moderne ou classique.",Axel,/images/products/f1858764-be4c-4b63-8e71-8a498993aa14.jpeg,false,Mon Apr 07 2025 22:37:05 GMT+0100 (GMT+01:00),Mon Apr 07 2025 22:37:05 GMT+0100 (GMT+01:00)
36,L'Âme du Cheval,l-me-du-cheval,Peinture,12000,"""L'Âme du Cheval"" révèle la connexion profonde entre l'homme et cet animal noble. Avec des mouvements fluides et une texture délicate, cette œuvre évoque la grâce et la force à travers un regard artistique unique.",Axel,/images/products/9c0ef736-7845-471d-a362-2983cfe880c7.jpeg,false,Mon Apr 07 2025 22:37:05 GMT+0100 (GMT+01:00),Mon Apr 07 2025 22:37:05 GMT+0100 (GMT+01:00)
37,Rêves Abstraits,r-ves-abstraits-2,Peinture,9000,"""Rêves Abstraits"" est une œuvre captivante qui combine des formes fluides et des couleurs oniriques pour évoquer un univers métaphorique. Chaque détail raconte une histoire unique, invitant le spectateur à explorer son propre imaginaire.",Axel,/images/products/3aeb4b1d-c39f-403d-8569-a6d3c4d5cfe7.jpeg,false,Mon Apr 07 2025 22:37:05 GMT+0100 (GMT+01:00),Mon Apr 07 2025 22:37:05 GMT+0100 (GMT+01:00)
38,L'Éveil des Couleurs,l-veil-des-couleurs,Peinture,23000,"""L'Éveil des Couleurs"" capture la vitalité et l'éclat de la vie à travers une explosion de teintes vibrantes. Ce tableau moderne et expressif est idéal pour illuminer votre in",Axel,/images/products/9b3b86d5-1ef5-4895-95e7-7364a8dd4380.jpeg,false,Mon Apr 07 2025 22:37:05 GMT+0100 (GMT+01:00),Mon Apr 07 2025 22:37:05 GMT+0100 (GMT+01:00)
39,Regard Envoûtant,regard-envo-tant,Peinture,23000,"""Regard Envoûtant"" capte la profondeur de l'âme humaine à travers des yeux saisissants entourés de teintes de bleu intense. Cette œuvre dégage une énergie mystérieuse et apaisante, idéale pour créer une atmosphère de sérénité et de contemplation dans votre espace.",Axel,/images/products/e0e6d288-f483-4786-9014-e79edf0fbee6.jpeg,false,Mon Apr 07 2025 22:37:05 GMT+0100 (GMT+01:00),Mon Apr 07 2025 22:37:05 GMT+0100 (GMT+01:00)
40,Cheval Sauvage,cheval-sauvage,Peinture,11000,"""Cheval Sauvage"" illustre la puissance et la grâce d'un étalon en mouvement. Avec des détails précis et une palette de couleurs naturelles, ce tableau transmet la liberté et la force brute de cet animal majestueux.",Axel,/images/products/4d3628b0-da20-4ecc-97d1-6c5e54480958.jpeg,false,Mon Apr 07 2025 22:37:05 GMT+0100 (GMT+01:00),Mon Apr 07 2025 22:37:05 GMT+0100 (GMT+01:00)
41,La mélodie d'amour,la-m-lodie-d-amour,Peinture,3500,"""La Mélodie d’Amour"" est une célébration vibrante de la passion et de l'harmonie. Avec ses formes fluides et ses couleurs intenses, ce tableau capte l'essence même des émotions universelles et de la musique intérieure qui lie les âmes.",Axel,tableau-acrylique-de-lartiste-axel-9.jpg,false,Mon Apr 07 2025 22:37:05 GMT+0100 (GMT+01:00),Mon Apr 07 2025 22:37:05 GMT+0100 (GMT+01:00)
42,masque dogon benin,masque-dogon-benin,Peinture,1000,"Inspiré des traditions béninoises, ce masque Dogon est une œuvre qui mêle art tribal et modernité. Ses teintes éclatantes et ses formes géométriques audacieuses évoquent la spiritualité et l'authenticité de la culture africaine.",Axel,tableau-acrylique-de-lartiste-axel-10.jpg,false,Mon Apr 07 2025 22:37:05 GMT+0100 (GMT+01:00),Mon Apr 07 2025 22:37:05 GMT+0100 (GMT+01:00)
43,le visage de l'être,le-visage-de-l-tre,Peinture,1000,"""Le Visage de l'Être"" explore la complexité de l'identité humaine à travers des formes abstraites et des tons éclatants. Ce tableau, riche en symbolisme, invite à la réflexion sur les multiples facettes de l'existence.",Axel,/images/products/ccf70963-8fce-4875-9589-a4ebae29a0f4.jpeg,false,Mon Apr 07 2025 22:37:05 GMT+0100 (GMT+01:00),Mon Apr 07 2025 22:37:05 GMT+0100 (GMT+01:00)
44,abre de vie,abre-de-vie,Peinture,1000,"L'""Abre de Vie"" est une ode à la croissance et à l'interconnexion. Ce tableau lumineux, avec ses racines profondes et ses branches florissantes, symbolise l'équilibre entre la nature et l'humanité. Les nuances vibrantes inspirent un sentiment de renouveau et d'énergie.",Axel,/images/products/b4b8e592-6605-4b46-aa84-359de8051162.jpeg,false,Mon Apr 07 2025 22:37:05 GMT+0100 (GMT+01:00),Mon Apr 07 2025 22:37:05 GMT+0100 (GMT+01:00)
45,Masque Dogon du Togo,masque-dogon-du-togo,Peinture,1000,"Ce masque artistique capture l'essence spirituelle et symbolique des Dogons du Togo. Avec des motifs géométriques audacieux et des couleurs vives, il représente une fusion entre tradition et modernité. Chaque détail témoigne de l'héritage riche et de l'artisanat méticuleux de cette culture.",Axel,/images/products/5dc42747-c3fe-4c1c-ba30-c1a5c555a5ab.jpeg,false,Mon Apr 07 2025 22:37:05 GMT+0100 (GMT+01:00),Mon Apr 07 2025 22:37:05 GMT+0100 (GMT+01:00)
46,masque dogon,masque-dogon,Peinture,1000,Œuvre artistique originale.,Axel,/images/products/51fb562b-749e-4d87-bedb-d9f1f612fd46.jpeg,false,Mon Apr 07 2025 22:37:05 GMT+0100 (GMT+01:00),Mon Apr 07 2025 22:37:05 GMT+0100 (GMT+01:00)
47,le visage de l'être,le-visage-de-l-tre-2,Peinture,1000,"""Le Visage de l'Être"" explore la complexité de l'identité humaine à travers des formes abstraites et des tons éclatants. Ce tableau, riche en symbolisme, invite à la réflexion sur les multiples facettes de l'existence.",Axel,/images/products/1582f236-f47b-49d7-8011-14bcb81b22f3.jpeg,false,Mon Apr 07 2025 22:37:05 GMT+0100 (GMT+01:00),Mon Apr 07 2025 22:37:05 GMT+0100 (GMT+01:00)
48,Traditions du Nord Marocain,traditions-du-nord-marocain,Peinture,2500,"""Traditions du Nord Marocain"" capture la beauté et l’authenticité de la vie quotidienne dans les régions septentrionales du Maroc, où les teintes vives et les paysages lumineux se mêlent harmonieusement aux traditions ancestrales. Les personnages, vêtus de vêtements typiques du nord, évoluent dans une scène baignée de lumière, évoquant la sérénité des villages marocains.",Axel,/images/products/68dd6dc7-8c2f-4232-b7a2-852245743cf6.jpeg,false,Mon Apr 07 2025 22:37:05 GMT+0100 (GMT+01:00),Mon Apr 07 2025 22:37:05 GMT+0100 (GMT+01:00)
49,Les Gardiens du Désert,les-gardiens-du-d-sert,Peinture,2500,"""Les Gardiens du Désert"" immortalise la grâce et la résilience d'une mère et de son enfant, marchant dans un paysage aride et baigné de lumière. Les couleurs douces et les silhouettes élégantes évoquent une histoire de courage et de connexion familiale. Le fond minimaliste, mêlant des nuances de bleu et de rose, met en valeur l'émotion et la simplicité de la scène. Cette œuvre, empreinte de tendresse et de poésie, ajoutera une touche de sérénité et de profondeur à votre espace intérieur.",Axel,/images/products/9aa6c1f8-84cb-40f0-b8cb-eb0f6e5120dd.jpeg,false,Mon Apr 07 2025 22:37:05 GMT+0100 (GMT+01:00),Mon Apr 07 2025 22:37:05 GMT+0100 (GMT+01:00)
50,Douceur Orientale,douceur-orientale,Peinture,3500,"""Douceur Orientale"" capture l'élégance intemporelle et la sérénité d'une ruelle traditionnelle baignée de lumière. Les détails soignés de l'architecture, avec ses dômes et ses arcs ornés, évoquent un voyage au cœur des cultures orientales. Le ciel d'un bleu profond contraste avec les teintes chaudes des façades, tandis que les personnages ajoutent une touche de vie à la scène. Cette œuvre, empreinte de charme et de raffinement, apportera une ambiance apaisante et exotique à tout espace intérieur.",Axel,/images/products/2a15c328-d120-499b-bdc8-44be841ce020.jpeg,false,Mon Apr 07 2025 22:37:05 GMT+0100 (GMT+01:00),Mon Apr 07 2025 22:37:05 GMT+0100 (GMT+01:00)
51,Le Charme de l'Orient,le-charme-de-l-orient,Peinture,3500,"""Le Charme de l'Orient"" illustre la beauté et le mystère d'une architecture traditionnelle baignée de lumière. Les détails ornés de l'édifice, tels que la porte majestueuse et les motifs arabesques, évoquent une atmosphère empreinte d'histoire et de sérénité. Le bleu vibrant du ciel contraste harmonieusement avec les teintes chaudes des murs, créant une composition visuelle captivante. Ce tableau, idéal pour les amateurs d'art oriental et d'élégance intemporelle, apportera une touche de raffinement et de culture à tout intérieur.",Axel,/images/products/364f2831-e0d2-488d-affa-b33c5804fd84.jpeg,false,Mon Apr 07 2025 22:37:05 GMT+0100 (GMT+01:00),Mon Apr 07 2025 22:37:05 GMT+0100 (GMT+01:00)
52,Éclat du Souk,clat-du-souk,Peinture,5500,"""Éclat du Souk"" immortalise l'animation vibrante et colorée d'un marché local baigné dans une lumière éclatante. Les silhouettes des personnages se mêlent aux teintes chaudes et vives des étals et des façades, évoquant la richesse culturelle et l'effervescence quotidienne de la scène. Ce tableau, avec son style expressif et ses contrastes lumineux, est parfait pour ajouter une touche d'énergie et de vie à tout espace intérieur.",Axel,/images/products/3ac2710e-1eed-486d-9a3d-b517f44742c2.jpeg,false,Mon Apr 07 2025 22:37:05 GMT+0100 (GMT+01:00),Mon Apr 07 2025 22:37:05 GMT+0100 (GMT+01:00)
53,Le Marché en Lumières,le-march-en-lumi-res,Peinture,5500,"""Le Marché en Lumières"" capture l'effervescence et la vivacité d'une scène de marché baignée dans des teintes vibrantes et éclatantes. Les personnages et les bâtiments s'animent sous des touches de pinceau audacieuses, reflétant l'énergie et la richesse culturelle de ce moment. Ce tableau, avec ses couleurs intenses et son style expressif, est idéal pour insuffler une atmosphère chaleureuse et dynamique à n'importe quel espace.",Axel,/images/products/ec14de64-1312-40a9-b338-fe56bac7953f.jpeg,false,Mon Apr 07 2025 22:37:05 GMT+0100 (GMT+01:00),Mon Apr 07 2025 22:37:05 GMT+0100 (GMT+01:00)
54,Sérénité Bucolique,s-r-nit-bucolique,Peinture,5000,"""Sérénité Bucolique"" transporte le spectateur dans un paysage apaisant, où un pont pittoresque en pierre enjambe une rivière paisible entourée de verdure. Les nuances de bleu du ciel et les tons chaleureux des toits créent une harmonie visuelle qui évoque la tranquillité et le charme de la campagne. Ce tableau, empreint d'élégance classique, est idéal pour ajouter une touche de sérénité et de raffinement à n'importe quel intérieur.",Axel,/images/products/f3664844-d54e-43d3-b30c-d8f8df4cdd17.jpeg,false,Mon Apr 07 2025 22:37:05 GMT+0100 (GMT+01:00),Mon Apr 07 2025 22:37:05 GMT+0100 (GMT+01:00)
55,Le Tigre Enchanteur,le-tigre-enchanteur,Peinture,3000,"Le Tigre Enchanteur capture la majesté et la puissance d’un tigre blanc évoluant dans un environnement naturel vibrant. L'eau éclatante et les teintes riches de la forêt mettent en lumière la beauté et l'équilibre de cet animal mystique. Ce tableau symbolise à la fois la force brute et l'harmonie avec la nature, offrant une présence captivante qui transformera n'importe quel espace.",Axel,/images/products/69864313-eadf-4970-b78c-49c56ff7d42f.jpeg,false,Mon Apr 07 2025 22:37:05 GMT+0100 (GMT+01:00),Mon Apr 07 2025 22:37:05 GMT+0100 (GMT+01:00)
56,L'Éléphant d'Afrique Mystique,l-l-phant-d-afrique-mystique,Peinture,3000,"L'Éléphant d'Afrique Mystique incarne la puissance et la sagesse intemporelle de la nature sauvage. Avec ses nuances éclatantes et ses détails vibrants, cette œuvre capture la majesté de cet animal emblématique dans un décor aux teintes harmonieuses. Chaque coup de pinceau évoque la force, la sérénité et l'équilibre, offrant une présence inspirante qui enrichira tout espace intérieur. Idéal pour ceux qui recherchent une pièce à la fois captivante et symbolique.",Axel,/images/products/a6fc6ecb-8fab-4d9b-bece-deba1ccf65b6.jpeg,false,Mon Apr 07 2025 22:37:05 GMT+0100 (GMT+01:00),Mon Apr 07 2025 22:37:05 GMT+0100 (GMT+01:00)
57,Le Regard Sauvage,le-regard-sauvage,Peinture,1200,"Le Regard Sauvage plonge l'observateur dans l'intensité captivante des yeux d'un léopard majestueux. Les détails saisissants de son pelage, mêlant des nuances dorées et des contrastes profonds, évoquent à la fois la force et la grâce de cet animal emblématique. Ce tableau incarne la puissance de la nature sauvage et ajoute une touche d'énergie audacieuse à tout espace intérieur. Une pièce idéale pour ceux qui recherchent une œuvre à la fois percutante et élégante.",Axel,/images/products/19d09a80-2ad9-4e7d-b519-25b333ec2ae7.jpeg,false,Mon Apr 07 2025 22:37:05 GMT+0100 (GMT+01:00),Mon Apr 07 2025 22:37:05 GMT+0100 (GMT+01:00)
58,Le cycle des aigles,le-cycle-des-aigles,Peinture,3500,"""Le Cycle des Aigles"" symbolise la liberté et la puissance intemporelle de ces majestueux rapaces. Avec ses ailes déployées dans un tourbillon d'énergie, l'aigle évoque le renouveau et la force intérieure. Les teintes dynamiques et les mouvements circulaires de la composition transmettent une harmonie entre ciel et terre. Idéal pour un espace en quête d'inspiration et de profondeur symbolique.",Axel,/images/products/424843cb-c5b2-44f3-8845-ee6907c4ed3a.jpeg,false,Mon Apr 07 2025 22:37:05 GMT+0100 (GMT+01:00),Mon Apr 07 2025 22:37:05 GMT+0100 (GMT+01:00)
59,L'Hirondelle du Soleil,l-hirondelle-du-soleil,Peinture,1200,"""L'Hirondelle du Soleil"" capture l'énergie éclatante d'une hirondelle volant dans un ciel baigné de lumière. Les nuances chaudes du soleil se mêlent harmonieusement aux contours gracieux de l'oiseau, symbolisant la liberté, l'espoir et la renaissance. Ce tableau rayonnant est idéal pour insuffler une ambiance lumineuse et optimiste dans votre intérieur.",Axel,/images/products/ae035553-c269-4039-aab5-f61d31238ca2.jpeg,false,Mon Apr 07 2025 22:37:05 GMT+0100 (GMT+01:00),Mon Apr 07 2025 22:37:05 GMT+0100 (GMT+01:00)
60,Cheval Caféiné,cheval-caf-in,Peinture,3000,"""Cheval Caféiné"" est une œuvre unique réalisée avec des grains de café, illustrant un cheval majestueux dans un style à la fois rustique et moderne. Les détails minutieux des grains de café apportent une texture riche et authentique, tandis que le fond en toile évoque un charme artisanal. Ce tableau symbolise l'énergie, la liberté et la puissance brute de cet animal noble, tout en offrant une esthétique chaleureuse et naturelle. Idéal pour les amateurs de designs originaux et de matériaux organiques.",Axel,/images/products/2a4bc75b-9eea-4fc4-b690-ac40a3c4871e.jpeg,false,Mon Apr 07 2025 22:37:05 GMT+0100 (GMT+01:00),Mon Apr 07 2025 22:37:05 GMT+0100 (GMT+01:00)
61,masque dogon,masque-dogon-2,Peinture,2000,"""Masque Dogon"" rend hommage à l'art et à la culture riche du peuple Dogon à travers une œuvre contemporaine réalisée avec des grains de café. Ce masque captivant allie des motifs géométriques audacieux et des textures organiques, créant un contraste saisissant qui symbolise la connexion entre la tradition et la modernité. Chaque détail raconte une histoire de spiritualité et d'identité culturelle, faisant de ce tableau une pièce maîtresse idéale pour les amateurs d'art ethnique et innovant.",Axel,/images/products/66222f26-a8bc-4aca-855c-ec47c009eec3.jpeg,false,Mon Apr 07 2025 22:37:05 GMT+0100 (GMT+01:00),Mon Apr 07 2025 22:37:05 GMT+0100 (GMT+01:00)
62,Masque Dogon – Harmonie Géométrique,masque-dogon-harmonie-g-om-trique,Peinture,2000,"Ce Masque Dogon revisité incarne une fusion d’héritage ancestral et d’interprétation contemporaine à travers des motifs géométriques vibrants. Les teintes audacieuses et les détails subtils composés avec des matériaux organiques reflètent la spiritualité et l’élégance de la culture Dogon. Cette œuvre unique invite à explorer la richesse symbolique et les mystères d’une tradition intemporelle, tout en apportant une touche artistique moderne et captivante à votre espace intérieur.",Axel,/images/products/d3828f4e-09d1-42ce-bd5f-38e255e3c65a.jpeg,false,Mon Apr 07 2025 22:37:05 GMT+0100 (GMT+01:00),Mon Apr 07 2025 22:37:05 GMT+0100 (GMT+01:00)
63,Bisou Affectif,bisou-affectif,Peinture,2000,"""Bisou Affectif"" est une célébration audacieuse et vibrante de l'expression émotionnelle. Cette œuvre captivante mêle des teintes éclatantes et des motifs abstraits pour évoquer la passion, la tendresse et la connexion humaine. Les détails riches et les jeux de lumière ajoutent une profondeur fascinante, transformant cette pièce en un point focal élégant et plein de caractère. Idéal pour apporter une touche de modernité et d'émotion à votre espace intérieur.",Axel,/images/products/561f3478-dbcd-42c5-ada2-4aa8b869bd38.jpeg,false,Mon Apr 07 2025 22:37:05 GMT+0100 (GMT+01:00),Mon Apr 07 2025 22:37:05 GMT+0100 (GMT+01:00)
64,Éveil Multicolore,veil-multicolore,Peinture,2000,"""Éveil Multicolore"" est une ode vibrante à l'expression artistique et à la diversité culturelle. Avec ses teintes éclatantes et ses formes géométriques audacieuses, cette œuvre capte l'énergie du renouveau et de la créativité. Les motifs abstraits, enrichis de symboles mystiques, évoquent une quête d'harmonie entre lumière et ombre. Chaque détail invite à une interprétation personnelle, transformant cette pièce en un élément unique et captivant pour illuminer votre espace intérieur.",Axel,/images/products/73e83ebd-29d3-42d7-bef2-574fb106d377.jpeg,false,Mon Apr 07 2025 22:37:05 GMT+0100 (GMT+01:00),Mon Apr 07 2025 22:37:05 GMT+0100 (GMT+01:00)
65,Harmonie Équestre,harmonie-questre,Peinture,4000,Harmonie Équestre est une célébration de la force et de la grâce incarnées par deux chevaux majestueux. Le contraste entre le blanc pur et les teintes chaudes du brun met en valeur leur complémentarité et leur lien profond. Les éclaboussures de couleurs en arrière-plan ajoutent une touche d’énergie et de modernité à cette œuvre classique et dynamique. Idéal pour les amoureux des chevaux et ceux qui souhaitent apporter une ambiance élégante et vivante à leur intérieur.,Axel,/images/products/0e3fd148-9245-45d8-a31b-b02fdd48ce77.jpeg,false,Mon Apr 07 2025 22:37:05 GMT+0100 (GMT+01:00),Mon Apr 07 2025 22:37:05 GMT+0100 (GMT+01:00)
66,Harmonie Naturelle,harmonie-naturelle,Peinture,4000,"Harmonie Naturelle célèbre la beauté et l’équilibre de la nature avec des éléments vibrants et poétiques. Les colombes blanches symbolisent la paix et la liberté, tandis que le paon majestueux et les tournesols éclatants apportent une touche de vitalité et de couleur. Le contraste entre le ciel incandescent et les tons apaisants du paysage crée une atmosphère à la fois énergisante et sereine. Une œuvre idéale pour illuminer et embellir tout espace.",Axel,/images/products/a8c4ebc5-e575-4749-8b79-1d10bb186176.jpeg,false,Mon Apr 07 2025 22:37:05 GMT+0100 (GMT+01:00),Mon Apr 07 2025 22:37:05 GMT+0100 (GMT+01:00)
67,Toucan Tropical,toucan-tropical,Peinture,2000,"Toucan Tropical est une célébration de la faune exotique et des paysages luxuriants. Le toucan, avec ses couleurs éclatantes et son bec majestueux, est entouré de fleurs tropicales vibrantes qui évoquent la richesse et la diversité de la nature. Cette œuvre respire la joie et la vitalité, idéale pour apporter une ambiance tropicale et lumineuse à votre espace intérieur.",Axel,/images/products/f293927e-5346-445f-8bc0-d09e14827ffc.jpeg,false,Mon Apr 07 2025 22:37:05 GMT+0100 (GMT+01:00),Mon Apr 07 2025 22:37:05 GMT+0100 (GMT+01:00)
68,L'Esprit des Plumes,l-esprit-des-plumes,Peinture,3000,"L'Esprit des Plumes est une œuvre captivante qui célèbre les racines culturelles et l’héritage des peuples autochtones. La figure centrale, richement ornée de motifs colorés et d’un majestueux ornement de plumes, incarne la fierté et la connexion spirituelle avec la nature. Les couleurs vibrantes et les détails minutieux racontent une histoire d’identité et de tradition. Une pièce parfaite pour ajouter une touche de profondeur culturelle et de vitalité à votre intérieur.",Axel,/images/products/64ee5e45-54eb-4696-8391-96c8b5d0725c.jpeg,false,Mon Apr 07 2025 22:37:05 GMT+0100 (GMT+01:00),Mon Apr 07 2025 22:37:05 GMT+0100 (GMT+01:00)
69,Danse des Spirales,danse-des-spirales,Peinture,2000,Danse des Spirales est une œuvre ludique et hypnotique qui représente des oiseaux stylisés entourés de cercles vibrants et colorés. Les motifs tourbillonnants symbolisent le mouvement et l’harmonie de la nature. Cette composition audacieuse et pleine de vie apporte une touche de dynamisme et de créativité à tout espace. Une pièce parfaite pour ceux qui recherchent une fusion entre simplicité et originalité.,Axel,/images/products/f42182ac-a4dd-4171-b84b-458cc43148b7.jpeg,false,Mon Apr 07 2025 22:37:05 GMT+0100 (GMT+01:00),Mon Apr 07 2025 22:37:05 GMT+0100 (GMT+01:00)
70,Tableau acrylique de l’artiste,tableau-acrylique-de-l-artiste,Peinture,2000,"Masque des Émotions est une œuvre vibrante et symbolique qui capte l'essence de l'expression humaine. Les motifs colorés et les formes géométriques s'entrelacent pour créer un visage mystérieux, mêlant mysticisme et modernité. Chaque détail semble raconter une histoire, invitant le spectateur à plonger dans un monde riche en significations. Une pièce parfaite pour apporter une touche audacieuse et artistique à tout espace.",Axel,/images/products/09ad61fe-4c37-4af6-9d38-a7af2e2f805e.jpeg,false,Mon Apr 07 2025 22:37:05 GMT+0100 (GMT+01:00),Mon Apr 07 2025 22:37:05 GMT+0100 (GMT+01:00)
71,L’Arbre de Vie Spirale,l-arbre-de-vie-spirale,Peinture,2000,"L’Arbre de Vie Spirale est une représentation vibrante et symbolique de la connexion entre la nature et l’univers. Les spirales colorées qui ornent les branches illustrent le mouvement constant de l’énergie et de la croissance, tandis que le dégradé lumineux en arrière-plan évoque l’espoir et la transformation. Une œuvre idéale pour insuffler une touche de spiritualité et de vitalité à votre espace intérieur.",Axel,/images/products/e6610a05-426e-4874-91f6-de8f6d3ae52d.jpeg,false,Mon Apr 07 2025 22:37:05 GMT+0100 (GMT+01:00),Mon Apr 07 2025 22:37:05 GMT+0100 (GMT+01:00)
72,Fusion des Mondes,fusion-des-mondes,Peinture,2000,"Fusion des Mondes représente l’union harmonieuse entre des forces opposées : le chaud et le froid, la lumière et l’obscurité. Les arbres vibrant de couleurs chaudes et froides se rejoignent en leur centre pour créer une énergie équilibrée et dynamique. Cette œuvre invite à réfléchir sur la dualité et la complémentarité de la nature et de l’univers. Parfaite pour apporter une touche symbolique et vibrante à un intérieur moderne ou spirituel.",Axel,/images/products/25e1cf4c-44db-4842-a66f-df1faf0e2e4d.jpeg,false,Mon Apr 07 2025 22:37:05 GMT+0100 (GMT+01:00),Mon Apr 07 2025 22:37:05 GMT+0100 (GMT+01:00)
73,Lumière Captive,lumi-re-captive,Peinture,2000,"Lumière Captive illustre la connexion énigmatique entre la nature et le cosmos. Les branches sombres semblent s’étendre vers une lune lumineuse et mystique, créant un jeu captivant entre ombre et lumière. Les nuances de bleu profond et les textures scintillantes ajoutent une dimension éthérée, évoquant le calme et la réflexion. Une œuvre parfaite pour les amateurs de paysages oniriques et d’art symbolique.",Axel,/images/products/1d2dc3e9-b8d0-4e5d-9710-052dc48a430b.jpeg,false,Mon Apr 07 2025 22:37:05 GMT+0100 (GMT+01:00),Mon Apr 07 2025 22:37:05 GMT+0100 (GMT+01:00)
74,Tableau acrylique de l’artiste,tableau-acrylique-de-l-artiste-2,Peinture,2500,Œuvre artistique originale.,Axel,/images/products/b824f012-869b-444b-95f8-7c16a0d153a5.jpeg,false,Mon Apr 07 2025 22:37:05 GMT+0100 (GMT+01:00),Mon Apr 07 2025 22:37:05 GMT+0100 (GMT+01:00)
75,Éclat d’Expression,clat-d-expression,Peinture,2500,"Éclat d’Expression est une explosion de couleurs et d’émotions capturées dans un style audacieux et moderne. Ce visage abstrait, orné de motifs vibrants et de lignes dynamiques, incarne la diversité et la richesse des sentiments humains. Les touches de peinture dégoulinante ajoutent une texture unique, renforçant l’énergie brute de l’œuvre. Une pièce idéale pour les amateurs d’art contemporain qui cherchent à insuffler une touche de créativité et de caractère à leur espace.",Axel,/images/products/64d1f7ec-f0e0-4fce-926f-cd2bf4dfeb7d.jpeg,false,Mon Apr 07 2025 22:37:05 GMT+0100 (GMT+01:00),Mon Apr 07 2025 22:37:05 GMT+0100 (GMT+01:00)
76,Le Gardien des Couleurs,le-gardien-des-couleurs,Peinture,4000,"Le Gardien des Couleurs est une célébration vibrante de la vie et de l’énergie. Avec ses motifs géométriques audacieux et ses teintes éclatantes, cette œuvre représente une figure symbolique qui semble veiller sur un univers chaotique mais harmonieux. Chaque détail invite à une exploration de l’expression artistique contemporaine. Parfait pour un intérieur moderne en quête d’énergie et de caractère.",Axel,/images/products/0db792ac-2129-42e3-861d-2c73ae600bac.jpeg,false,Mon Apr 07 2025 22:37:05 GMT+0100 (GMT+01:00),Mon Apr 07 2025 22:37:05 GMT+0100 (GMT+01:00)
77,Reflet Lunaire,reflet-lunaire,Peinture,2000,"Reflet Lunaire évoque la puissance mystique de la lune illuminant un paysage montagneux. Les teintes bleutées et les contrastes profonds capturent l’étrangeté et la beauté du clair de lune, offrant une atmosphère apaisante et contemplative. Une œuvre idéale pour les amateurs de scènes nocturnes empreintes de poésie et de sérénité.",Axel,/images/products/ab1e0728-3246-4605-80dd-52da35aeef60.jpeg,false,Mon Apr 07 2025 22:37:05 GMT+0100 (GMT+01:00),Mon Apr 07 2025 22:37:05 GMT+0100 (GMT+01:00)
78,Mur des Symboles,mur-des-symboles,Peinture,2500,"Mur des Symboles est une œuvre riche en détails et en motifs qui fusionne des formes géométriques, des textures complexes et des couleurs vibrantes. Chaque élément semble raconter une histoire, évoquant la lutte, l’émotion et les connexions humaines. Cette composition saisissante est un mélange d’énergie brute et de profondeur artistique, parfaite pour ceux qui cherchent à ajouter une pièce unique et significative à leur collection ou espace intérieur.",Axel,/images/products/63e3bd17-6b52-491b-a181-2492149edef1.jpeg,false,Mon Apr 07 2025 22:37:05 GMT+0100 (GMT+01:00),Mon Apr 07 2025 22:37:05 GMT+0100 (GMT+01:00)
79,L’Arbre de Feu,l-arbre-de-feu,Peinture,2500,"Dans L’Arbre de Feu , la puissance de la nature se dévoile à travers un coucher de soleil incandescent qui embrase le ciel. Les branches noires de l’arbre s'étendent comme des veines, contrastant avec les teintes ardentes du rouge, de l'orange et du jaune. Cette œuvre symbolise la force et la résilience face au passage du temps. Une pièce idéale pour insuffler chaleur et intensité à votre espace intérieur.",Axel,/images/products/b2d4192c-46c9-4fa9-9c80-388b71ef2b80.jpeg,false,Mon Apr 07 2025 22:37:05 GMT+0100 (GMT+01:00),Mon Apr 07 2025 22:37:05 GMT+0100 (GMT+01:00)
80,Masque de Lumière et d'Ombre,masque-de-lumi-re-et-d-ombre,Peinture,2500,"Une fusion captivante de couleurs vives et de formes abstraites, Masque de Lumière et d'Ombre explore la dualité de l'existence. Les éléments contrastés, tels que le soleil rayonnant et les ombres mystérieuses, se rencontrent pour symboliser la lumière et l'obscurité qui coexistent en chacun de nous. Une œuvre parfaite pour apporter une touche vibrante et intrigante à votre intérieur, tout en évoquant un message profond sur l’équilibre de la vie.",Axel,/images/products/f45ab71e-4395-4dd1-9b9b-c7ca82904477.jpeg,false,Mon Apr 07 2025 22:37:05 GMT+0100 (GMT+01:00),Mon Apr 07 2025 22:37:05 GMT+0100 (GMT+01:00)
81,Lien d'Humanité,lien-d-humanit,Peinture,2500,"Lien d'Humanité illustre la connexion entre deux figures abstraites dans un style audacieusement coloré et géométrique. Les traits expressifs et les contrastes saisissants entre les teintes vives et le fond jaune évoquent la complexité des relations humaines. Une œuvre vibrante et moderne, idéale pour ajouter une énergie positive et une profondeur symbolique à n'importe quel espace.",Axel,/images/products/d768cc4f-c533-43cb-9cc6-fc9e28fdba92.jpeg,false,Mon Apr 07 2025 22:37:05 GMT+0100 (GMT+01:00),Mon Apr 07 2025 22:37:05 GMT+0100 (GMT+01:00)
82,L'Enchantement Tropical,l-enchantement-tropical,Peinture,1200,"Plongez dans un univers tropical luxuriant avec L'Enchantement Tropical , une œuvre vibrante mêlant des motifs animaliers et floraux dans une explosion de couleurs. Les oiseaux exotiques et les détails délicats des fleurs s'entrelacent pour créer une composition riche en symbolisme et en énergie. Ce tableau est idéal pour apporter une touche de nature vivante et d’évasion dans votre espace, tout en célébrant la beauté et la diversité du monde tropical.",Axel,/images/products/f0ed51ed-8817-465b-b8a5-9bfcbeb1dc27.jpeg,false,Mon Apr 07 2025 22:37:05 GMT+0100 (GMT+01:00),Mon Apr 07 2025 22:37:05 GMT+0100 (GMT+01:00)
83,La Mélodie des Montagnes,la-m-lodie-des-montagnes,Peinture,4000,"La Mélodie des Montagnes capture la beauté intemporelle d’un paysage naturel avec des montagnes majestueuses et des collines vibrantes. Les lignes sinueuses et les couleurs riches transmettent une sensation de calme et d’harmonie. Ce tableau invite à une évasion vers la sérénité de la nature, parfait pour créer une atmosphère apaisante et inspirante dans votre espace intérieur.",Axel,/images/products/4492a9c2-dda4-433d-b907-d4bcb0a3fec7.jpeg,false,Mon Apr 07 2025 22:37:05 GMT+0100 (GMT+01:00),Mon Apr 07 2025 22:37:05 GMT+0100 (GMT+01:00)
84,L'Homme en Fragments Colorés,l-homme-en-fragments-color-s,Peinture,2500,"Découvrez L'Homme en Fragments Colorés , une œuvre vibrante et ludique qui mélange des motifs géométriques et des couleurs audacieuses. Ce personnage énigmatique, construit comme un puzzle de textures et de teintes, invite à une réflexion sur l’identité et la multiplicité de l’être. Parfait pour apporter une touche d’énergie et de modernité à votre espace, ce tableau séduit par son style unique et ses détails captivants.",Axel,/images/products/4dabc59c-5958-41ab-bd37-166b6eb5fe5c.jpeg,false,Mon Apr 07 2025 22:37:05 GMT+0100 (GMT+01:00),Mon Apr 07 2025 22:37:05 GMT+0100 (GMT+01:00)
85,Voyage au Coucher du Soleil,voyage-au-coucher-du-soleil,Peinture,2000,"Plongez dans l’atmosphère envoûtante de ""Voyage au Coucher du Soleil"", une peinture captivante qui évoque un voyage spirituel au cœur d’un paysage onirique. Un rameur solitaire navigue sur une rivière miroitante, baignée par les reflets dorés du soleil couchant. À l’horizon, un arbre aux racines tortueuses et une silhouette de girafe accentuent la profondeur mystique de la scène. Cette œuvre, mêlant nuances ardentes et ombres envoûtantes, est une invitation à l’évasion et à la contemplation. Idéale pour ajouter une touche artistique et poétique à votre intérieur.",Axel,/images/products/ec7e6bdd-85d8-42c9-8030-4bdd3745b828.jpeg,false,Mon Apr 07 2025 22:37:05 GMT+0100 (GMT+01:00),Mon Apr 07 2025 22:37:05 GMT+0100 (GMT+01:00)
86,Les Ailes de la Liberté Cristalline,les-ailes-de-la-libert-cristalline,Peinture,3000,"Un jeu de lumière et de couleurs jaillit dans cette représentation de plumes cristallines et vibrantes, évoquant la légèreté et la liberté. Une œuvre à la fois apaisante et inspirante, parfaite pour sublimer un mur avec poésie et élégance.",Axel,/images/products/39eb7f64-b061-43e2-a96c-57b9ff8d8c3f.jpeg,false,Mon Apr 07 2025 22:37:05 GMT+0100 (GMT+01:00),Mon Apr 07 2025 22:37:05 GMT+0100 (GMT+01:00)
87,Visage Fragment,visage-fragment,Peinture,2500,"Découvrez ""Visage Fragmenté"", une œuvre audacieuse et expressive qui fusionne l’art abstrait et le style néo-expressionniste. Ce portrait coloré joue avec les formes et les contrastes, mêlant des traits géométriques, des motifs vibrants et des coulées de peinture pour évoquer une identité en constante évolution. L’œil perçant et les symboles éclatants ajoutent une dimension mystique et intrigante. Parfait pour les amateurs d’art contemporain cherchant une pièce unique et captivante à exposer.",Axel,/images/products/9f5c78b5-b2c3-4fc0-a7d4-5bd2accd6f27.jpeg,false,Mon Apr 07 2025 22:37:05 GMT+0100 (GMT+01:00),Mon Apr 07 2025 22:37:05 GMT+0100 (GMT+01:00)
88,Sa Majesté Mohammed VI Vision et Leadership,sa-majest-mohammed-vi-vision-et-leadership,Peinture,30000,Œuvre artistique originale.,Axel,/images/products/6d431627-6ed2-42c9-9cdc-b7efdbf1cd8f.jpeg,false,Mon Apr 07 2025 22:37:05 GMT+0100 (GMT+01:00),Mon Apr 07 2025 22:37:05 GMT+0100 (GMT+01:00)
89,Tableau à l'huile sur toile de l'artiste Messari Mohammed,tableau-l-huile-sur-toile-de-l-artiste-messari-mohammed,Peinture,26000,Œuvre artistique originale.,Axel,/images/products/ead5775b-1c53-4f19-9c20-94df9a7b7be0.jpeg,false,Mon Apr 07 2025 22:37:05 GMT+0100 (GMT+01:00),Mon Apr 07 2025 22:37:05 GMT+0100 (GMT+01:00)
90,Tableau à l'huile sur toile de l'artiste Messari Mohammed,tableau-l-huile-sur-toile-de-l-artiste-messari-mohammed-2,Peinture,10000,Œuvre artistique originale.,Axel,/images/products/925253a0-eda7-44ec-a5fc-00c19a367bf4.jpeg,false,Mon Apr 07 2025 22:37:05 GMT+0100 (GMT+01:00),Mon Apr 07 2025 22:37:05 GMT+0100 (GMT+01:00)
91,Tableau à l'huile sur toile de l'artiste Messari Mohammed,tableau-l-huile-sur-toile-de-l-artiste-messari-mohammed-3,Peinture,10000,Œuvre artistique originale.,Axel,/images/products/56770cae-1833-4c61-a6cb-d7ef1742d0a4.jpeg,false,Mon Apr 07 2025 22:37:05 GMT+0100 (GMT+01:00),Mon Apr 07 2025 22:37:05 GMT+0100 (GMT+01:00)
92,Tableau à l'huile sur toile de l'artiste Messari Mohammed,tableau-l-huile-sur-toile-de-l-artiste-messari-mohammed-4,Peinture,9500,Œuvre artistique originale.,Messari,/images/products/173fd7c9-af86-4829-8561-53edd292ea0b.jpeg,false,Mon Apr 07 2025 22:37:05 GMT+0100 (GMT+01:00),Mon Apr 07 2025 22:37:05 GMT+0100 (GMT+01:00)
93,Tableau à l'huile sur toile de l'artiste Messari Mohammed,tableau-l-huile-sur-toile-de-l-artiste-messari-mohammed-5,Peinture,24000,Œuvre artistique originale.,Axel,/images/products/e829e56a-a653-4e4d-ac83-f4fa53a6fe63.jpeg,false,Mon Apr 07 2025 22:37:05 GMT+0100 (GMT+01:00),Mon Apr 07 2025 22:37:05 GMT+0100 (GMT+01:00)
